species,specialization,m_wingspan,log10_ws
STER_Cyclophora_pendularia,olig,22.769,1.3573439570965335
STER_Cyclophora_albipunctata,mono,24.5,1.3891660843645324
STER_Cyclophora_annularia,mono,23,1.3617278360175928
STER_Cyclophora_porata,mono,23.419,1.3695683465965476
STER_Cyclophora_linearia,mono,27.17,1.4340896384178907
STER_Cyclophora_quercimontaria,mono,21.376,1.3299264407954516
STER_Cyclophora_punctaria,mono,27.474,1.438921893911341
STER_Cyclophora_pupillaria,poly,23.5,1.3710678622717363
STER_Timandra_comae,olig,28.657,1.457230723687269
STER_Timandra_griseata,olig,30.6,1.4857214264815801
STER_Lythria_purpuraria,mono,25.912,1.4135009350021206
STER_Lythria_cruentaria,mono,22.0875,1.3441465625148206
STER_Idaea_serpentata,poly,20.625,1.3143939572219627
STER_Idaea_ochrata,poly,21.219,1.3267249128021095
STER_Idaea_muricata,poly,17.387,1.2402246541222777
STER_Idaea_sylvestraria,poly,20.283,1.3071321906557802
STER_Idaea_seriata,poly,16.262,1.211173956728494
STER_Idaea_emarginata,poly,22.721,1.3564274416923547
STER_Idaea_aversata,poly,30.636,1.486232060851875
STER_Idaea_straminata,poly,27.197,1.4345210012657728
STER_Idaea_deversaria,poly,27.32,1.436480695009495
STER_Idaea_subsericeata,poly,17.4675,1.2422307519263809
STER_Idaea_pallidata,poly,21.433,1.3310829639610289
STER_Idaea_rusticata,poly,15.252,1.183326796601633
STER_Idaea_dilutaria,poly,17.075,1.2323607123535703
STER_Idaea_fuscovenosa,poly,28.826,1.4597843822962695
STER_Idaea_humiliata,poly,19.735,1.295237130731534
STER_Idaea_dimidiata,poly,17.113,1.2333261503498574
STER_Idaea_trigeminata,poly,16.641,1.2211794205984978
STER_Idaea_biselata,poly,19,1.2787536009528289
STER_Scopula_immorata,poly,25.28,1.4027770696103474
STER_Scopula_virgulata,olig,21.556,1.3335681749239878
STER_Scopula_corrivalaria,poly,20.43,1.3102683666324475
STER_Scopula_caricaria,olig,22.361,1.3494912216102166
STER_Scopula_nemoraria,poly,28.292,1.4516636494104096
STER_Scopula_umbelaria,poly,34.373,1.5362174380606368
STER_Scopula_nigropunctata,poly,28.2,1.4502491083193612
STER_Scopula_rubiginata,poly,19.278,1.2850619759351616
STER_Scopula_incanata,poly,27.863,1.445027874948773
STER_Scopula_marginepunctata,poly,23.119,1.3639690449788393
STER_Scopula_floslactata,poly,29.866,1.4751770607610115
STER_Scopula_imitaria,poly,23.714,1.3750048155306398
STER_Scopula_frigidaria,mono,26.178,1.4179364633704639
STER_Scopula_ternata,olig,26.713,1.426722664145779
STER_Scopula_emutaria,olig,19.234,1.2840696117100832
STER_Scopula_immutata,poly,26.883,1.429477732043453
STER_Scopula_ornata,olig,25.741,1.4106254145981247
STER_Scopula_decorata,mono,29.9445,1.476317065823839
STER_Rhodostrophia_vibicaria,poly,30.759,1.4879722120935852
LARE_Phibalapteryx_virgata,mono,21,1.3222192947339193
LARE_Catarhoe_rubidata,mono,21.5,1.3324384599156054
LARE_Catarhoe_cuculata,mono,22,1.3424226808222062
LARE_Costaconvexa_polygrammata,mono,19.6,1.2922560713564761
LARE_Epirrhoe_hastulata,mono,22.5,1.3521825181113625
LARE_Epirrhoe_pupillata,mono,22.48,1.3517963068970236
LARE_Epirrhoe_tristata,mono,21,1.3222192947339193
LARE_Epirrhoe_alternata,mono,24.666,1.3920987271639933
LARE_Epirrhoe_tartuensis,mono,25.84,1.4122925093230465
LARE_Epirrhoe_rivata,mono,25.837,1.412242085209914
LARE_Epirrhoe_galiata,mono,24,1.380211241711606
LARE_Psychophora_sabini,mono,25,1.3979400086720377
LARE_Xanthorhoe_annotinata,olig,23.895,1.3783070348568127
LARE_Xanthorhoe_montanata,poly,25,1.3979400086720377
LARE_Xanthorhoe_decoloraria,poly,28.211,1.450418480936811
LARE_Xanthorhoe_biriviata,mono,21,1.3222192947339193
LARE_Xanthorhoe_designata,olig,21.902,1.3404837746257177
LARE_Xanthorhoe_fluctuata,olig,25.9265,1.4137438922694732
LARE_Xanthorhoe_spadicearia,poly,22,1.3424226808222062
LARE_Xanthorhoe_ferrugata,poly,20,1.3010299956639813
LARE_Xanthorhoe_abrasaria,mono,22.5845,1.3538104801245703
LARE_Orthonama_vittata,olig,20.362,1.3088204331099598
LARE_Xanthorhoe_quadrifasiata,poly,26.038,1.4156076226641472
LARE_Camptogramma_bilineata,poly,20.5,1.3117538610557542
LARE_Euphyia_biangulata,olig,25.5,1.4065401804339552
LARE_Euphyia_unangulata,olig,21.8,1.3384564936046048
LARE_Scotopteryx_coarctaria,olig,27,1.4313637641589874
LARE_Scotopteryx_mucronata,olig,32.434,1.5110005123733248
LARE_Scotopteryx_luridata,olig,30.8,1.4885507165004443
LARE_Scotopteryx_moeniata,olig,30.022,1.4774396206198237
LARE_Scotopteryx_bipunctaria,olig,31.05233333,1.4920942394327252
LARE_Scotopteryx_chenopodiata,olig,32.429,1.5109335567155902
LARE_Earophila_badiata,mono,27,1.4313637641589874
LARE_Anticlea_derivata,mono,25,1.3979400086720377
LARE_Mesoleuca_albicillata,olig,27,1.4313637641589874
LARE_Entephria_polata,olig,25.052,1.39884240302927
LARE_Entephria_byssata,olig,27,1.4313637641589874
LARE_Entephria_nobiliaria,mono,32,1.505149978319906
LARE_Entephria_caesiata,poly,34.2,1.534026106056135
LARE_Entephria_flavicinctata,olig,29,1.462397997898956
LARE_Larentia_clavaria,olig,27,1.4313637641589874
LARE_Spargania_luctuata,olig,29.668,1.4722882703397568
LARE_Hydriomena_furcata,poly,27.75,1.443262987458695
LARE_Hydriomena_impluviata,olig,28.511,1.4550124501002546
LARE_Hydriomena_ruberata,mono,29.5,1.469822015978163
LARE_Pelurga_comitata,olig,28,1.4471580313422192
LARE_Cosmorhoe_ocellata,mono,23.442,1.3699946616084282
LARE_Lampropteryx_suffumata,mono,26.5,1.423245873936808
LARE_Lampropteryx_otregiata,mono,23.1525,1.3645978928737954
LARE_Colostygia_aptata,mono,21.666,1.3357787388104703
LARE_Colostygia_olivata,mono,20.882,1.319772091426363
LARE_Colostygia_turbata,mono,27.973,1.446739045333934
LARE_Colostygia_pectinataria,poly,23.351,1.368305483839283
LARE_Heterothera_serraria,mono,28.249,1.4510030786273613
LARE_Pennithera_firmata,mono,24,1.380211241711606
LARE_Thera_obeliscata,mono,24.938,1.3968616206023148
LARE_Thera_variata,olig,24.143,1.3827912343816475
LARE_Thera_britannica,olig,26.67233333,1.426061009991244
LARE_Thera_cognata,mono,25.98825,1.4147770359099483
LARE_Thera_juniperata,mono,25.524,1.4069487359503539
LARE_Dysstroma_citrata,poly,30.186,1.4798055677093918
LARE_Dysstroma_infuscata,olig,24.398,1.3873542269713663
LARE_Dysstroma_latefasciata,olig,28.082,1.4484280350116359
LARE_Dysstroma_truncata,poly,30,1.4771212547196624
LARE_Plemyria_rubiginata,poly,23,1.3617278360175928
LARE_Chloroclysta_siterata,poly,26,1.414973347970818
LARE_Chloroclysta_miata,poly,32.182,1.5076130305017723
LARE_Cidaria_fulvata,mono,22,1.3424226808222062
LARE_Electrophaes_corylata,poly,25.5,1.4065401804339552
LARE_Eulithis_prunata,mono,34,1.5314789170422551
LARE_Eulithis_populata,poly,29.5,1.469822015978163
LARE_Eulithis_testata,poly,31.5,1.4983105537896004
LARE_Eulithis_mellinata,mono,30.087,1.4783788860318934
LARE_Eulithis_pyropata,mono,30.333,1.4819153651083745
LARE_Gandaritis_pyraliata,mono,35.333,1.5481805134080278
LARE_Ecliptopera_silaceata,olig,26,1.414973347970818
LARE_Ecliptopera_capitata,mono,23.06,1.3628593029586802
LARE_Eustroma_reticulata,mono,26.43,1.4220971631317103
LARE_Malacodea_regelaria,mono,27,1.4313637641589874
LARE_Operophtera_brumata,poly,26.5,1.423245873936808
LARE_Operophtera_fagata,olig,29.865,1.4751625190830908
LARE_Epirrita_dilutata,poly,31.963,1.5046475347940327
LARE_Epirrita_christyi,poly,27.248,1.4353346306185257
LARE_Epirrita_autumnata,poly,34,1.5314789170422551
LARE_Baptria_tibiale,mono,25,1.3979400086720377
LARE_Philereme_vetulata,olig,25,1.3979400086720377
LARE_Philereme_transversata,olig,33.689,1.5274881198879922
LARE_Triphosa_dubitata,olig,32.359,1.509995092013399
LARE_Rheumaptera_hastata,poly,29,1.462397997898956
LARE_Rheumaptera_subhastata,olig,27.0845,1.4327208225983077
LARE_Rheumaptera_undulata,olig,27,1.4313637641589874
LARE_Rheumaptera_cervinalis,mono,33.33333333,1.5228787452369081
LARE_Pareulype_berberata,mono,22.666,1.3553748844316118
LARE_Asthena_albulata,poly,17.5,1.2430380486862944
LARE_Asthena_anseraria,mono,16.789,1.2250248291091301
LARE_Euchoeca_nebulata,mono,17.974,1.2546447373546217
LARE_Hydrelia_sylvata,poly,20,1.3010299956639813
LARE_Venusia_blomeri,mono,20.6045,1.3139620801624448
LARE_Venusia_cambrica,olig,25,1.3979400086720377
LARE_Hydrelia_flammeolaria,olig,17.5,1.2430380486862944
LARE_Coenocalpe_lapidata,olig,27,1.4313637641589874
LARE_Horisme_vitalbata,olig,29.231,1.465843672937086
LARE_Horisme_tersata,olig,28,1.4471580313422192
LARE_Horisme_radicaria,mono,26,1.414973347970818
LARE_Horisme_aquata,mono,24.598,1.390899797173533
LARE_Horisme_corticata,mono,25.396,1.4047653184023146
LARE_Horisme_aemulata,olig,26,1.414973347970818
LARE_Melanthia_procellata,mono,26.6,1.424881636631067
LARE_Martania_taeniata,poly,21.09,1.3240765797394864
LARE_Gymnoscelis_rufifasciata,poly,13.333,1.124927879110533
LARE_Chloroclystis_v-ata,poly,18,1.255272505103306
LARE_Eupithecia_haworthiata,mono,17.16,1.2345172835126867
LARE_Eupithecia_tenuiata,mono,14.5,1.1613680022349748
LARE_Eupithecia_inturbata,mono,17.488,1.2427401446056277
LARE_Eupithecia_tripunctaria,poly,18.427,1.265454635843184
LARE_Eupithecia_lariciata,olig,24.473,1.3886872102012402
LARE_Eupithecia_virgaureata,poly,17,1.2304489213782739
LARE_Eupithecia_groenblomi,mono,18,1.255272505103306
LARE_Eupithecia_tantillaria,olig,17.241,1.23656245185336
LARE_Eupithecia_lanceata,olig,19.788,1.2964019016921435
LARE_Eupithecia_subumbrata,poly,18.535,1.2679925903655824
LARE_Eupithecia_orphnata,poly,21.477,1.3319736171374965
LARE_Eupithecia_subfuscata,poly,17.5,1.2430380486862944
LARE_Eupithecia_denotata,olig,20.644,1.3147938503979142
LARE_Eupithecia_millefoliata,mono,20.244,1.30629632863675
LARE_Eupithecia_icterata,olig,23.662,1.3740514500237202
LARE_Eupithecia_succenturiata,poly,21.253,1.3274202422209713
LARE_Eupithecia_linariata,mono,17.845,1.2515165522916791
LARE_Eupithecia_pulchellata,mono,20.173,1.3047704885232585
LARE_Eupithecia_pyreneata,mono,20.923,1.3206239550535375
LARE_Eupithecia_plumbeolata,olig,16.39,1.2145789535704992
LARE_Eupithecia_pygmaeata,olig,17.025,1.2310871205848228
LARE_Eupithecia_fennoscandica,mono,17,1.2304489213782739
LARE_Eupithecia_venosata,olig,18.293,1.2622849343777442
LARE_Eupithecia_irriguata,mono,19.536,1.2908356466008073
LARE_Eupithecia_insigniata,olig,19.758,1.2957429810955514
LARE_Eupithecia_abbreviata,mono,18.053,1.2565493821521942
LARE_Eupithecia_dodoneata,mono,16.841,1.226367875856486
LARE_Eupithecia_pusillata,mono,21.25,1.3273589343863303
LARE_Eupithecia_actaeata,mono,19.196,1.283210741260384
LARE_Eupithecia_indigata,olig,20.199,1.3053298691876078
LARE_Eupithecia_conterminata,mono,15,1.1760912590556813
LARE_Eupithecia_intricata,mono,25.472,1.406063046057575
LARE_Eupithecia_satyrata,poly,18.309,1.2626646246762556
LARE_Eupithecia_cauchiata,olig,20.294,1.3073676560385321
LARE_Eupithecia_absinthiata,poly,22.067,1.3437432950100945
LARE_Eupithecia_goossensiata,poly,18.836,1.2749886817706848
LARE_Eupithecia_expallidata,olig,24,1.380211241711606
LARE_Eupithecia_pernotata,olig,22.076,1.343920385393226
LARE_Eupithecia_extensaria,mono,24,1.380211241711606
LARE_Eupithecia_veratraria,mono,27.02,1.4316853446860118
LARE_Eupithecia_egenaria,mono,21.224,1.3268272369742729
LARE_Eupithecia_gelidata,olig,29.4,1.4683473304121573
LARE_Eupithecia_nanata,olig,19.673,1.2938705919528997
LARE_Eupithecia_innotata,poly,20,1.3010299956639813
LARE_Eupithecia_ochridata,mono,18,1.255272505103306
LARE_Eupithecia_pimpinellata,poly,22.944,1.3606691339877062
LARE_Eupithecia_assimilata,olig,18.133,1.2584696615506934
LARE_Eupithecia_exiguata,poly,22.255,1.3474275986185413
LARE_Eupithecia_vulgata,poly,20.926,1.3206862209833299
LARE_Eupithecia_simpliciata,olig,20.09,1.302979936748249
LARE_Eupithecia_sinuosaria,olig,21.479,1.3320140580055677
LARE_Eupithecia_valerianata,mono,15.32,1.1852587652965851
LARE_Eupithecia_thalictrata,mono,16.679,1.2221700086817653
LARE_Eupithecia_addictata,mono,15.503,1.1904157470332903
LARE_Eupithecia_selinata,olig,18.541,1.268133153906103
LARE_Eupithecia_trisignaria,olig,18.32,1.2629254693318317
LARE_Eupithecia_distinctaria,poly,21.148,1.325269301733074
LARE_Eupithecia_extraversaria,olig,20.506,1.311880953037904
LARE_Eupithecia_centaureata,poly,18.438,1.2657138106400219
LARE_Eupithecia_immundata,mono,20.232,1.3060388163363483
LARE_Eupithecia_abietaria,olig,21.811,1.3386755777532025
LARE_Eupithecia_analoga,mono,18.486,1.2668429487005843
LARE_Pasiphila_rectangulata,olig,21.1055,1.324395645268857
LARE_Pasiphila_chloerata,mono,16,1.2041199826559248
LARE_Pasiphila_debiliata,mono,24,1.380211241711606
LARE_Mesotype_didymata,poly,19.265,1.2847690133490197
LARE_Mesotype_parallelolineata,poly,24.5,1.3891660843645324
LARE_Perizoma_affinitata,olig,28.4155,1.4535553023068613
LARE_Perizoma_lugdunaria,mono,23.474,1.370587100246676
LARE_Perizoma_hydrata,olig,20.5,1.3117538610557542
LARE_Perizoma_flavofasciata,olig,23.034,1.3623693625010485
LARE_Perizoma_alchemillata,olig,15.81,1.1989318699322091
LARE_Perizoma_bifaciata,olig,17.759,1.2494185072359876
LARE_Perizoma_blandiata,mono,20.9895,1.322002093188055
LARE_Perizoma_minorata,olig,20.7675,1.3173842191372744
LARE_Perizoma_albulata,mono,20.96,1.321391278311689
LARE_Gagitodes_sagittata,mono,22.773,1.357420246145415
LARE_Anticollix_sparsata,mono,19.5,1.290034611362518
LARE_Odezia_atrata,olig,26.5,1.423245873936808
LARE_Carsia_sororiata,olig,26.5,1.423245873936808
LARE_Aplocera_plagiata,mono,33.666,1.5271915190871008
LARE_Aplocera_efformata,mono,25.575,1.4078156423841977
LARE_Aplocera_praeformata,mono,34.228,1.5343815233172555
LARE_Chesias_legatella,olig,30.023,1.47745408625333
LARE_Chesias_rufata,olig,29,1.462397997898956
LARE_Lithostege_griseata,olig,30.391,1.4827449905484098
LARE_Lithostege_farinata,olig,29.314,1.4670750835152064
LARE_Lobophora_halterata,olig,24.33,1.3861421089308184
LARE_Pterapherapteryx_sexalata,olig,19,1.2787536009528289
LARE_Nothocasis_sertata,mono,26.5,1.423245873936808
LARE_Trichopteryx_polycommata,olig,31.433,1.497385832537447
LARE_Trichopteryx_carpinata,olig,27,1.4313637641589874
LARE_Acasis_appensata,mono,22.354,1.3493552465952035
LARE_Acasis_viretata,poly,20.333,1.3082014606510761
ARCH_Archiearis_parthenias,olig,36.789,1.5657179829824086
ARCH_Archiearis_notha,olig,29.5,1.469822015978163
ENNO_Abraxas_grossulariata,poly,36,1.5563025007672873
ENNO_Abraxas_sylvata,poly,38,1.5797835966168101
ENNO_Ligdia_adustata,mono,21.221,1.3267658453640534
ENNO_Heliomata_glarearia,poly,23,1.3617278360175928
ENNO_Lomaspilis_marginata,olig,22.66666667,1.3553876580504407
ENNO_Lomaspilis_opis,mono,21.166,1.325638791790539
ENNO_Stegania_cararia,mono,22.427,1.3507711830531663
ENNO_Stegania_trimaculata,olig,22.3835,1.349927996036859
ENNO_Narraga_fasciolaria,mono,19.97,1.3003780648707026
ENNO_Macaria_carbonaria,olig,22.11266667,1.3446411193417935
ENNO_Macaria_wauaria,mono,27,1.4313637641589874
ENNO_Macaria_loricaria,olig,27.529,1.4397904357896343
ENNO_Macaria_brunneata,olig,23.66666667,1.374137094060581
ENNO_Macaria_artesiaria,mono,27.507,1.439443227449247
ENNO_Macaria_fusca,poly,18.083,1.2572704822988832
ENNO_Macaria_notata,poly,24.5,1.3891660843645324
ENNO_Macaria_alternata,poly,24.66666667,1.3921104650700022
ENNO_Macaria_signaria,olig,26.333,1.42050033913748
ENNO_Macaria_liturata,olig,27.5,1.4393326938302626
ENNO_Chiasmia_clathrata,poly,25.333,1.403686623122456
ENNO_Isturgia_arenacearia,olig,27.67933333,1.4421556257200898
ENNO_Apocheima_hispidaria,olig,35.443,1.5495304747360121
ENNO_Phigalia_pilosaria,poly,40.8,1.61066016308988
ENNO_Hypomecis_roboraria,poly,45.4,1.657055852857104
ENNO_Hypomecis_punctinalis,poly,43.25,1.635986111800833
ENNO_Ematurga_atomaria,poly,28.25,1.4510184521554574
ENNO_Peribatodes_rhomboidaria,poly,36.081,1.5572785656898465
ENNO_Peribatodes_secundaria,olig,34.4115,1.5367036039642736
ENNO_Selidosema_brunnearia,poly,39.053,1.5916544014246259
ENNO_Peribatodes_ilicaria,poly,31.75,1.5017437296279945
ENNO_Alcis_repandata,poly,36.4,1.561101383649056
ENNO_Alcis_deversata,poly,36.699,1.564654230453756
ENNO_Alcis_jubata,olig,25.696,1.4098655235985869
ENNO_Deileptenia_ribeata,poly,39.429,1.5958157626175002
ENNO_Agriopis_leucophaearia,olig,28.333,1.4522925616177291
ENNO_Agriopis_aurantiaria,poly,34.25,1.5346605758284444
ENNO_Agriopis_marginaria,poly,29.918,1.4759325578423075
ENNO_Paradarisa_consonaria,poly,36,1.5563025007672873
ENNO_Arichanna_melanaria,olig,36,1.5563025007672873
ENNO_Bupalus_piniaria,mono,31.721,1.501346869932965
ENNO_Fagivorina_arenaria,olig,30.741,1.4877179909261877
ENNO_Biston_strataria,poly,44.565,1.6489939108593452
ENNO_Biston_betularia,poly,45.2,1.6551384348113822
ENNO_Erannis_defoliaria,poly,37.6,1.575187844927661
ENNO_Lycia_hirtaria,poly,40.6,1.608526033577194
ENNO_Lycia_lapponaria,poly,31.264,1.495044542038679
ENNO_Lycia_pomonaria,poly,29.33333333,1.4673614173811544
ENNO_Lycia_zonaria,olig,27.507,1.439443227449247
ENNO_Artiora_evonymaria,mono,32.112,1.5066673551434104
ENNO_Paraectropis_similaria,poly,34.5,1.5378190950732742
ENNO_Ectropis_crepuscularia,poly,33.6,1.526339277389844
ENNO_Aethalura_punctulata,olig,26.5,1.423245873936808
ENNO_Ascotis_selenaria,poly,35.692,1.552570884313959
ENNO_Cleora_cinctaria,poly,31.6,1.4996870826184039
ENNO_Cabera_pusaria,poly,28.5,1.4548448600085102
ENNO_Cabera_leptographa,mono,21,1.3222192947339193
ENNO_Cabera_exanthemata,olig,28,1.4471580313422192
ENNO_Plagodis_pulveraria,poly,32.5,1.5118833609788744
ENNO_Plagodis_dolabraria,poly,29.353,1.467652494573867
ENNO_Epione_repandaria,olig,26.625,1.425289616446794
ENNO_Epione_vespertaria,olig,27.955,1.4464594965946918
ENNO_Pseudopanthera_macularia,olig,27,1.4313637641589874
ENNO_Cepphis_advenaria,poly,27,1.4313637641589874
ENNO_Apeira_syringaria,olig,31.768,1.5019898740558266
ENNO_Selenia_dentaria,poly,38.5,1.5854607295085006
ENNO_Selenia_tetralunaria,poly,35.8,1.5538830266438743
ENNO_Selenia_lunularia,poly,42.242,1.6257444722246495
ENNO_Petrophora_chlorosata,olig,28.8445,1.460063015156772
ENNO_Pachycnemia_hippocastanaria,olig,31.101,1.4927743532551276
ENNO_Synopsia_sociaria,poly,37.295,1.5716506114879485
ENNO_Hypoxystis_pluviaria,poly,33.867,1.5297767277591892
ENNO_Angerona_prunaria,poly,46.987,1.6719777173141264
ENNO_Chariaspilates_formosaria,olig,37.763,1.5770664885839751
ENNO_Siona_lineata,poly,39.683,1.5986044970052269
ENNO_Aspitates_gilvaria,poly,32.786,1.5156884345438997
ENNO_Aspitates_ochrearia,poly,31.145,1.4933883352101598
ENNO_Dyscia_fagaria,olig,31.983,1.5049191980699619
ENNO_Perconia_strigillaria,poly,33.608,1.5264426685299355
ENNO_Cleorodes_lichenaria,poly,27.068,1.4324561678114314
ENNO_Gnophos_obfuscata,poly,44.475,1.6481159567559627
ENNO_Charissa_obscurata,poly,29.324,1.4672232108340486
ENNO_Charissa_ambiguata,poly,31.762,1.501907841413007
ENNO_Elophos_vittaria,olig,34.682,1.5401041338998749
ENNO_Glacies_coracina,poly,23.787,1.3763396725710353
ENNO_Odontopera_bidentata,poly,43.5335,1.6388235849056505
ENNO_Crocallis_elinguaria,poly,37.333,1.5720928903039055
ENNO_Opisthograptis_luteolata,poly,33,1.5185139398778875
ENNO_Epirranthis_diversata,mono,42.242,1.6257444722246495
ENNO_Ennomos_autumnaria,poly,40,1.6020599913279623
ENNO_Ennomos_quercinaria,poly,36.042,1.556808882330999
ENNO_Ennomos_erosaria,poly,34.25,1.5346605758284444
ENNO_Ennomos_alniaria,poly,36.789,1.5657179829824086
ENNO_Ennomos_fuscantaria,olig,37.75,1.576916955965207
ENNO_Ourapteryx_sambucaria,poly,49.8235,1.6974342325801721
ENNO_Colotois_pennaria,poly,41.2,1.6148972160331345
ENNO_Alsophila_aescularia,poly,30.674,1.4867704132389434
ENNO_Campaea_margaritaria,poly,39.211,1.5934079182742935
ENNO_Puengeleria_capreolaria,olig,30.2265,1.4803878620740365
ENNO_Hylaea_fasciaria,olig,30.659,1.4865579854314521
ENNO_Lomographa_bimaculata,poly,25,1.3979400086720377
ENNO_Lomographa_temerata,poly,25.5,1.4065401804339552
ENNO_Theria_rupicapraria,olig,29.244,1.466036775232349
ENNO_Theria_primaria,olig,28.041,1.4477934974093818
ENNO_Aleucis_distinctata,mono,23.036,1.3624070698578687
GEOM_Pseudoterpna_pruinata,olig,35.74,1.5531545481696254
GEOM_Geometra_papilionaria,olig,45.471,1.657734505331265
GEOM_Comibaena_bajularia,mono,27.84,1.4446692309385245
GEOM_Thetidia_smaragdaria,olig,28.792,1.459271833644855
GEOM_Hemithea_aestivaria,poly,25,1.3979400086720377
GEOM_Phaiogramma_etruscaria,poly,25.569,1.4077137431622606
GEOM_Chlorissa_viridata,poly,20.703,1.316033282125661
GEOM_Chlorissa_cloraria,poly,21.216,1.326663506724679
GEOM_Thalera_fimbrialis,poly,28.835,1.4599199557469162
GEOM_Hemistola_chrysoprasaria,olig,32.016,1.505367071292136
GEOM_Jodis_lactearia,poly,22.975,1.3612555200581489
GEOM_Jodis_putata,olig,19,1.2787536009528289
